0,422,882,559,675,303,1
0.000757933,420,882,559,675,301,1
0.001400948,419,880,558,673,297,1
0.001961946,422,882,557,674,302,1
0.00246501,421,882,559,675,303,1
0.003387928,422,882,559,675,303,1
0.003922939,420,882,559,675,301,1
0.004457951,419,880,558,673,297,1
0.004986048,422,882,557,674,302,1
0.00554204,421,882,559,675,303,1
0.006240129,419,880,559,675,303,1
0.006768942,419,880,557,667,300,1
0.007292032,417,879,556,664,297,1
0.007821083,417,880,556,665,295,1
0.008342981,419,881,557,668,300,1
0.008868933,417,880,555,666,297,1
0.009422064,418,879,554,665,296,1
0.010141134,419,881,556,668,298,1
0.010937929,418,879,556,667,299,1
0.018393993,418,880,555,666,296,1
0.039073944,417,881,554,665,296,1
0.063621044,420,880,557,667,298,1
0.088387966,419,880,556,668,300,1
0.108555079,418,880,556,666,297,1
0.133160114,419,879,555,666,296,1
0.153741121,419,881,555,667,300,1
0.178216934,418,880,556,667,300,1
0.202785969,417,881,556,664,297,1
0.223304987,417,880,556,665,295,1
0.247821093,418,879,556,667,300,1
0.268388987,417,880,555,668,299,1
0.292973042,417,879,555,665,295,1
0.317587137,418,880,554,666,295,1
0.337814093,419,881,556,667,300,1
0.362395048,419,880,556,667,301,1
0.38293004,417,880,556,666,297,1
0.407613993,419,880,555,665,298,1
0.428561926,419,880,556,667,299,1
0.452677011,418,881,556,667,300,1
0.477210045,417,880,555,666,297,1
0.497757912,418,881,556,665,297,1
0.522433996,418,880,556,667,300,1
0.542760134,417,879,555,667,300,1
0.567382097,416,880,554,665,296,1
0.592167139,418,881,556,664,297,1
0.612550974,420,880,556,667,299,1
0.637000084,419,881,556,667,299,1
0.657604933,418,879,555,665,297,1
0.682013988,418,881,554,666,297,1
0.706490994,419,881,555,667,301,1
0.72755003,418,880,554,667,298,1
0.751605034,417,880,551,665,296,1
0.772129059,418,880,551,663,296,1
0.796793938,419,879,549,660,298,1
0.81724596,417,875,543,644,297,5
0.841896057,416,867,536,617,291,5
0.866204977,416,860,528,593,291,5
0.88677907,418,852,519,563,293,5
0.911710978,417,846,509,534,290,5
0.931958914,419,840,497,510,287,5
0.956824064,421,835,493,489,289,5
0.981082916,423,830,486,475,291,5
1.001552105,422,828,482,463,288,5
1.026152134,423,826,478,453,287,5
1.046781063,424,826,476,449,288,5
1.071255922,424,825,474,448,292,5
1.095690012,425,824,473,444,289,2
1.116281986,423,825,471,439,286,2
1.140944958,426,825,470,439,290,2
1.161664009,427,826,469,439,290,2
1.185857058,426,824,468,436,287,2
1.206368923,428,823,467,433,287,2
1.230989933,427,826,466,435,287,2
1.255625963,430,825,467,435,292,2
1.276220083,429,824,463,433,287,2
1.30062294,427,824,463,431,287,2
1.321137905,429,824,464,433,290,2
1.345600128,430,824,462,435,291,2
1.370078087,428,822,459,432,289,2
1.390825033,428,823,459,426,287,2
1.415247917,428,822,459,425,288,2
1.435770988,431,821,458,424,292,2
1.460263014,428,822,458,420,288,2
1.48499012,429,821,457,419,287,2
1.505321026,431,822,458,423,290,2
1.529881001,430,822,456,427,290,2
1.550617933,429,821,456,423,288,2
1.574991941,429,821,453,421,287,2
1.595690012,430,821,454,424,288,2
1.62003994,430,822,455,426,289,2
1.644652128,429,822,454,424,285,2
1.665168047,428,821,453,422,284,2
1.689958096,429,822,455,424,291,2
1.710248947,429,822,454,426,290,2
1.734686136,429,819,454,423,286,2
1.759573936,426,822,455,422,286,2
1.779825926,430,822,455,426,289,2
1.804470062,430,823,456,429,291,2
1.825209141,426,823,455,430,287,2
1.849359035,429,822,457,428,286,2
1.873908997,430,823,456,433,289,2
1.894433022,430,822,456,434,290,2
1.918963909,428,822,456,432,287,2
1.93949008,428,821,455,432,285,2
1.964195967,429,823,456,435,288,2
1.984825134,429,822,456,437,290,2
2.009616137,424,823,455,435,286,2
2.033637047,428,822,455,436,286,2
2.054259062,430,823,456,438,288,2
2.078850985,429,824,457,439,289,2
2.099360943,429,823,457,438,286,2
2.123949051,426,824,456,435,287,2
2.148358107,429,822,457,437,288,2
2.168973923,428,822,456,436,290,2
2.193825006,427,822,453,432,286,2
2.214165926,428,821,456,430,286,2
2.238775969,430,823,454,433,289,2
2.263104916,429,823,454,433,289,2
2.283631086,428,821,454,431,286,2
2.308177948,427,823,450,432,285,2
2.328709126,429,821,452,432,287,2
2.353240967,428,823,452,435,286,2
2.37390995,428,822,450,432,284,2
2.398350954,428,821,449,432,285,2
2.423061132,430,823,451,436,289,2
2.443365097,428,822,452,436,287,2
2.468101978,425,822,451,433,286,2
2.488712072,427,821,452,435,286,2
2.512987137,429,822,452,438,289,2
2.537506104,428,823,452,438,288,2
2.558114052,428,820,451,437,285,2
2.582653999,428,823,451,436,286,2
2.603153944,428,822,452,440,288,2
2.628077984,429,820,451,439,289,2
2.652290106,428,822,449,437,286,2
2.673120022,427,822,451,437,287,2
2.697252035,430,822,452,438,290,2
2.717823982,429,821,449,437,288,2
2.742629051,426,821,446,432,286,2
2.762881041,428,822,448,434,287,2
2.787492037,430,821,449,437,290,2
2.812340975,429,820,449,435,288,2
2.832377911,427,821,448,434,284,2
2.857038021,428,821,448,435,288,2
2.877521992,429,821,449,436,290,2
2.902188063,427,821,446,435,287,2
2.926890135,427,822,447,431,285,2
2.947364092,429,821,448,430,286,2
2.972012043,430,823,449,434,290,2
2.992675066,429,821,450,432,288,2
3.016897917,428,822,448,432,285,2
3.041240931,428,823,449,435,286,2
3.062065125,429,824,451,440,290,2
3.086568117,428,824,454,443,289,2
3.107003927,426,829,458,445,286,2
3.131551981,427,832,464,456,288,2
3.152065039,426,836,471,469,289,2
3.17674613,425,837,477,475,289,2
3.201127052,422,842,478,484,284,5
3.221712112,424,844,488,501,288,5
3.246124983,423,849,497,520,288,5
3.266784906,421,854,500,534,287,5
3.291481018,420,855,505,539,286,5
3.31578207,420,856,505,545,289,5
3.336448908,421,857,508,553,293,5
3.361166,419,859,511,557,288,5
3.381464005,419,860,512,564,288,5
3.406022072,418,859,516,569,293,5
3.430470943,420,861,516,573,294,5
3.451267004,418,860,516,576,293,5
3.47560811,419,862,518,580,291,5
3.49621892,418,864,519,586,294,5
3.520599127,419,864,522,590,298,5
3.541209936,419,865,522,594,294,5
3.565709114,417,865,525,600,295,5
3.590404987,419,867,530,609,300,5
3.610929012,419,870,535,620,299,5
3.63532114,416,872,538,628,299,5
3.655961037,416,874,543,635,296,5
3.680423975,417,876,546,642,301,5
3.704877138,416,879,549,647,303,1
3.725767136,415,880,553,649,299,1
3.75001502,415,880,552,649,299,1
3.770757914,418,881,556,651,304,1
3.795022964,418,882,556,655,304,1
3.819847107,417,882,557,654,301,1
3.840060949,418,883,558,655,302,1
3.864769936,418,882,559,655,304,1
3.885560036,418,883,561,656,306,1
3.909863949,415,883,560,656,302,1
3.930478096,416,883,561,654,301,1
3.954807997,419,884,561,656,306,1
3.979339123,419,884,561,657,305,1
3.999903917,417,884,561,655,303,1
4.024704933,418,885,561,655,303,1
4.04522109,417,884,562,657,305,1
4.069458961,418,883,562,658,307,1
4.09404397,418,885,560,657,301,1
4.114622116,417,885,562,654,303,1
4.139109135,420,885,563,657,307,1
4.159924984,418,886,563,659,306,1
4.184247017,417,885,561,657,304,1
4.208769083,418,884,562,657,303,1
4.229408979,419,885,562,658,305,1
4.253911018,419,884,562,659,306,1
4.274380922,416,885,563,657,303,1
4.298949003,417,885,563,658,303,1
4.319734097,419,885,562,660,306,1
4.343959093,418,885,563,660,306,1
4.368574142,417,885,563,659,303,1
4.389441013,417,885,560,658,303,1
4.413605928,419,883,563,659,306,1
4.434293032,419,885,562,660,304,1
4.458869934,417,885,562,658,300,1
4.483091116,416,884,562,659,304,1
4.503737926,420,886,563,661,306,1
4.528222084,418,885,564,660,306,1
4.548614979,418,885,562,660,303,1
4.573295116,417,885,563,659,305,1
4.597863913,419,886,563,661,306,1
4.618405104,419,885,563,661,305,1
4.642930985,418,884,563,658,303,1
4.66350913,418,885,561,659,304,1
4.688086987,419,885,563,660,307,1
4.708837032,418,885,563,661,305,1
4.732984066,417,884,562,658,302,1
4.757529974,420,885,562,660,304,1
4.778274059,418,885,562,661,306,1
4.802582979,419,883,563,659,305,1
4.823138952,417,885,562,657,300,1
4.847810984,418,884,562,658,303,1
4.872375965,420,884,564,661,307,1
4.892671108,418,885,564,660,305,1
4.917222977,418,883,561,657,301,1
4.937855959,418,885,560,660,304,1
4.962369919,419,885,564,661,307,1
4.98714304,417,886,561,661,305,1
5.00751996,416,885,560,659,303,1
5.02751996,418,884,561,659,304,1
5.028249044,419,885,563,661,307,1
5.028776903,418,885,563,659,305,1
5.029305954,415,885,562,659,304,1
5.029858847,419,884,563,659,304,1
5.030848045,419,884,563,660,307,1
5.031792898,416,885,562,660,304,1
5.032296915,416,882,560,659,300,1
5.032784004,419,885,561,660,303,1
5.033319016,419,885,563,661,308,1
5.033794899,416,884,563,660,305,1
5.034267921,416,884,563,660,303,1
5.034739037,420,885,563,660,308,1
5.03520896,419,885,562,662,307,1
5.035678883,417,884,563,661,303,1
5.036146898,417,884,561,659,302,1
5.036618013,418,884,562,660,304,1
5.037125845,418,885,563,661,307,1
5.03760602,418,885,562,661,302,1
5.038074036,416,883,561,659,303,1
5.038548012,419,885,564,660,305,1
5.039028902,418,885,563,661,306,1
5.039618034,416,884,562,659,305,1
5.040138025,416,885,561,659,300,1
5.040607948,418,882,562,659,305,1
5.041288872,419,884,562,661,306,1
5.042181034,418,885,563,658,304,1
5.042986889,418,885,564,659,303,1
5.043859978,418,885,562,661,306,1
5.045039911,419,884,562,661,307,1
5.04558589,417,883,563,661,305,1
5.046087046,417,884,563,659,304,1
5.046654959,417,884,563,660,306,1
5.047562857,419,884,563,661,307,1
5.048270006,417,884,562,660,302,1
5.048737068,417,885,561,659,304,1
5.049243946,419,885,563,661,305,1
5.049692888,419,884,563,661,307,1
5.050160904,415,885,562,660,304,1
5.050629873,417,884,562,658,302,1
5.051097889,416,885,561,661,305,1
5.051563997,418,883,563,661,307,1
5.052029867,417,884,561,660,302,1
5.052497883,417,885,562,661,301,1
5.052999039,419,885,563,662,306,1
5.053498049,418,886,562,663,305,1
5.053968925,417,884,562,662,304,1
5.054435034,417,885,561,663,302,1
5.054904003,419,884,562,664,306,1
5.055372972,418,885,562,665,306,1
5.055738945,418,886,561,663,303,1
5.056047935,418,886,560,663,302,1
5.05635788,420,886,560,666,306,1
5.056665916,418,886,559,666,305,1
5.056998034,417,888,555,664,302,1
5.057312984,418,889,554,660,301,1
5.06161787,418,891,550,659,302,1
5.082401056,417,889,544,655,300,1
5.106997986,417,888,539,650,298,5
5.127452869,417,888,537,648,295,5
5.151906986,419,888,535,648,300,5
5.176305075,418,887,533,645,298,5
5.196917076,418,887,530,643,293,5
5.22145607,420,884,529,642,296,5
5.242053051,423,880,527,639,299,5
5.26651289,424,875,528,628,301,5
5.291306992,426,867,526,609,298,5
5.31175806,428,862,526,602,299,5
5.336406965,430,859,527,601,304,5
5.356724043,429,856,527,599,304,5
5.381171007,430,854,526,591,300,5
5.40180685,430,852,529,588,302,5
5.426492949,432,852,528,588,306,5
5.450780888,433,850,530,584,305,3
5.471647043,433,851,529,582,301,3
5.495931883,433,851,530,580,305,3
5.516373892,436,852,531,577,308,3
5.541054029,433,852,528,572,305,3
5.565608044,435,850,526,569,302,3
5.585971851,435,852,522,570,304,3
5.610493917,435,853,522,573,305,3
5.631260891,435,854,519,574,304,3
5.65564086,433,854,519,573,301,3
5.680085917,435,854,520,574,302,3
5.700921078,436,856,523,576,305,3
5.725164909,435,854,522,575,303,3
5.745805998,434,855,523,573,300,3
5.770557899,434,854,523,574,302,3
5.791018028,435,853,524,574,304,3
5.815322895,434,855,520,575,301,3
5.840358038,433,855,524,571,299,3
5.860585947,435,855,524,575,302,3
5.885148067,435,856,524,577,304,3
5.905618925,432,856,527,577,301,3
5.930130024,433,855,526,576,299,3
5.95461585,435,854,527,579,303,3
5.97541501,434,855,528,578,304,3
6.000093002,433,853,528,578,301,3
6.020349998,433,854,525,574,298,3
6.044785042,434,853,527,578,301,3
6.069319983,434,854,528,580,304,3
6.089941998,434,851,527,579,301,3
6.114291925,432,853,527,576,298,3
6.134867926,434,854,527,578,302,3
6.159765978,435,854,529,581,303,3
6.183949013,434,855,527,580,302,3
6.204545994,434,854,530,579,299,3
6.229069967,434,855,530,580,303,3
6.249718924,435,855,531,578,305,3
6.274209995,433,854,529,574,301,3
6.294674892,433,853,531,572,298,3
6.319416065,434,854,531,573,301,3
6.343704004,434,853,530,573,303,3
6.364295025,433,853,528,573,300,3
6.389039059,432,851,530,570,297,3
6.40951087,432,851,531,572,301,3
6.434150953,432,848,532,573,303,3
6.45837595,432,848,531,572,299,3
6.478965063,432,848,532,571,298,3
6.503823061,433,850,530,572,301,3
6.524270077,433,850,532,574,301,3
6.548692007,430,849,532,572,300,3
6.573140879,432,849,530,572,297,3
6.593708057,433,848,532,573,301,3
6.61818697,433,848,533,576,302,3
6.638774891,432,849,531,575,297,3
6.663285036,432,848,533,575,298,3
6.683823843,434,849,534,577,303,3
6.708467026,433,847,534,579,303,3
6.732843895,433,848,534,576,300,3
6.753434916,432,848,533,577,297,3
6.777957935,433,847,535,578,302,3
6.798519869,434,847,535,577,303,3
6.823004026,428,848,535,579,298,3
6.847604055,430,847,534,579,302,3
6.868201036,434,846,535,581,304,3
6.892577906,432,845,536,580,306,3
6.913229961,432,842,537,578,303,3
6.93770792,433,847,537,574,305,3
6.962491055,434,845,535,573,307,3
6.982768078,434,847,534,572,307,3
7.00759985,431,843,534,572,304,3
7.027950068,434,845,531,572,305,3
7.052366991,435,846,534,573,307,3
7.073209066,435,846,534,573,307,3
7.097448845,434,847,536,573,304,3
7.122068901,435,845,536,569,305,3
7.142869968,433,847,538,574,306,3
7.167232056,433,846,537,576,308,3
7.187816877,433,846,536,573,300,3
7.212169905,431,846,536,572,300,3
7.237182875,434,848,536,571,306,3
7.257159967,433,847,536,572,304,3
7.281811018,432,847,536,571,299,3
7.30234601,431,848,538,571,300,3
7.326748867,433,847,535,573,304,3
7.351316948,435,850,535,573,303,3
7.371928949,433,848,537,571,297,3
7.396402855,432,850,536,572,301,3
7.416988869,434,850,535,574,304,3
7.441665907,433,850,540,573,305,3
7.462133904,432,850,538,573,298,3
7.486593981,433,851,537,573,305,3
7.5110779,435,849,538,572,305,3
7.531759996,433,850,540,575,304,3
7.55621006,432,847,534,573,304,3
7.576586981,434,851,537,572,304,3
7.60116293,434,851,538,572,306,3
7.625836868,430,849,534,570,306,3
7.646476049,433,849,534,565,303,3
7.671092052,435,850,535,571,307,3
7.691740055,436,850,538,572,308,3
7.715905924,435,851,534,576,308,3
7.740952034,433,851,539,570,301,3
7.761107941,434,850,538,573,307,3
7.785673876,433,851,540,575,310,3
7.806189079,431,848,539,575,309,3
7.830617924,434,850,536,573,308,3
7.851408024,436,850,540,577,309,3
7.876076002,435,849,540,576,311,3
7.900516052,430,849,541,573,309,3
7.920750876,435,845,541,573,306,3
7.945544977,434,848,540,574,304,3
7.966096897,435,848,540,577,311,3
7.990732927,436,847,541,575,308,3
8.015003939,433,846,542,573,309,3
8.035430927,436,844,543,577,308,3
8.060204048,435,844,542,578,310,3
8.080549021,434,843,544,577,304,3
8.10516407,433,844,540,573,306,3
8.129606028,433,843,543,577,307,3
8.150192041,431,843,544,580,310,3
8.174932976,433,843,544,576,305,3
8.195371885,432,843,542,577,303,3
8.219754,433,841,544,576,308,3
8.240777988,434,844,543,578,305,3
8.265068073,432,843,542,575,304,3
8.289526005,433,843,546,575,300,3
8.310130854,432,843,542,578,305,3
8.334532995,432,842,540,580,304,3
8.355236073,430,843,539,578,301,3
8.379581947,431,841,545,578,306,3
8.404346008,433,843,543,576,310,3
8.424599905,434,843,543,581,307,3
8.44907095,432,844,545,577,306,3
8.469764013,433,843,547,578,306,3
8.494079847,432,842,543,580,310,3
8.518754978,435,843,546,581,313,3
8.539305944,435,844,546,580,308,3
8.563837071,434,845,542,582,310,3
8.584437866,437,845,546,585,315,3
8.609055061,434,846,546,587,315,3
8.62957098,435,846,547,586,313,3
8.654001017,435,846,542,586,315,3
8.678585072,437,845,544,586,314,3
8.699050922,437,843,545,589,316,3
8.723613997,435,847,547,587,314,3
8.744277973,435,846,546,588,316,3
8.768718023,437,845,545,591,318,3
8.793308992,436,844,547,590,318,3
8.813761969,434,841,545,588,315,3
8.838553925,438,844,546,587,314,3
8.858998079,437,846,544,586,318,3
8.88340785,437,846,547,584,319,3
8.908257027,433,846,544,582,317,3
8.928468008,437,846,545,585,316,3
8.952915926,438,846,545,586,319,3
8.973577995,437,846,543,588,318,3
8.9980159,435,847,545,583,312,3
9.018991013,439,845,545,581,315,3
9.043499966,436,846,545,586,314,3
9.067632933,436,845,543,588,313,3
9.088181992,432,844,546,584,311,3
9.112795849,432,845,545,584,313,3
9.133203049,436,846,546,587,313,3
9.157778044,433,846,545,586,312,3
9.182338018,434,841,545,582,309,3
9.202888985,434,848,544,583,310,5
9.227365036,434,845,544,586,311,5
9.247877855,434,846,544,586,310,5
9.273133059,433,844,545,588,303,5
9.29700901,432,845,544,593,307,5
9.317612906,434,847,545,604,314,5
9.342129011,433,850,547,613,313,5
9.362658043,433,847,549,622,313,5
9.387137909,435,855,546,628,314,5
9.408002873,434,858,547,633,317,5
9.432443876,434,863,546,640,313,5
9.456756849,429,864,547,642,311,5
9.477463026,429,865,547,647,312,1
9.501883049,429,870,550,654,315,1
9.522332926,432,872,553,655,312,1
9.546885033,429,872,553,653,308,1
9.571416874,432,871,555,659,310,1
9.592038889,429,873,552,661,312,1
9.616400976,430,869,550,660,308,1
9.637409945,427,873,546,658,306,1
9.66149189,428,870,539,658,307,1
9.686148901,429,871,539,660,311,1
9.706744928,425,873,538,658,309,1
9.731215019,426,872,538,658,306,1
9.751767893,428,873,539,657,309,1
9.776296873,429,872,540,660,311,1
9.796906014,428,871,541,661,306,1
9.821357985,425,870,542,660,306,1
9.845842857,427,873,541,662,306,1
9.86641099,428,873,543,663,311,1
9.891011972,423,873,542,663,305,1
9.911654968,427,873,541,658,306,1
9.936064978,425,873,543,664,308,1
9.960522909,427,873,543,664,311,1
9.981075068,427,873,541,664,304,1
10.00561907,427,871,543,660,309,1
10.02623107,429,873,542,663,307,1
10.05066492,430,875,543,665,311,1
10.07066492,429,874,543,664,304,1
10.07121901,427,874,538,662,307,1
10.07167796,430,873,543,665,310,1
10.07213,427,873,543,665,310,1
10.07258204,426,875,543,661,307,1
10.07303194,425,874,544,660,305,1
10.0734971,428,875,542,664,308,1
10.0739911,429,872,543,665,309,1
10.07446388,425,873,540,663,302,1
10.07493309,426,876,539,662,304,1
10.07540707,427,874,542,661,308,1
10.07604794,429,876,543,665,309,1
10.07654099,426,874,541,665,303,1
10.07701496,423,874,543,663,301,1
10.07750896,427,875,541,664,305,1
10.07798389,427,874,542,665,307,1
10.07845501,426,871,542,663,304,1
10.07892493,426,875,542,664,303,1
10.07939605,427,875,545,665,307,1
10.07986692,427,875,544,666,305,1
10.08035902,423,874,544,665,302,1
10.08140306,422,871,540,663,303,1
10.08262304,427,875,542,666,304,1
10.08383802,426,874,545,666,306,1
10.08477811,426,876,543,667,303,1
10.085573,425,876,544,668,302,1
10.08607201,427,876,544,666,308,1
10.08654789,426,876,545,667,305,1
10.08701996,425,876,546,664,302,1
10.08748893,425,875,546,665,301,1
10.08796004,425,876,546,667,303,1
10.08843211,425,876,543,667,305,1
10.088908,425,873,546,666,302,1
10.08937911,423,877,545,665,300,1
10.08986691,426,875,544,666,304,1
10.09033994,424,876,545,669,303,1
10.09081391,423,876,546,666,301,1
10.09128694,427,877,547,665,303,1
10.091759,424,877,546,669,304,1
10.09222797,425,875,544,668,305,1
10.09270004,424,876,547,663,303,1
10.09316997,423,878,547,667,304,1
10.09365205,426,878,548,668,308,1
10.09412292,425,877,548,669,306,1
10.09459094,424,877,548,668,305,1
10.09501294,425,877,548,667,305,1
10.09532002,424,877,548,668,307,1
10.09562902,425,875,549,665,308,1
10.09593991,424,877,546,666,304,1
10.0962501,425,877,549,666,303,1
10.09656409,427,876,550,668,310,1
10.09687594,425,878,550,669,307,1
10.09726695,424,876,549,666,302,1
10.10858897,426,877,550,667,306,1
10.12879995,426,877,550,668,309,1
10.15335301,425,877,550,668,309,1
10.17383794,424,877,549,666,305,1
10.19865707,425,877,548,666,305,1
10.22287492,427,878,550,668,310,1
10.24383692,424,877,549,667,308,1
10.26808504,424,875,549,665,305,1
10.28855304,426,877,550,666,305,1
10.31357101,426,878,551,669,309,1
10.33758692,426,878,551,668,309,1
10.35828189,423,877,550,666,305,1
10.38272909,424,877,550,665,306,1
10.40320996,425,876,550,666,309,1
10.4281619,423,876,550,663,306,5
10.45232204,422,875,547,658,303,5
10.47281102,423,875,550,654,304,5
10.49736194,421,874,548,653,306,5
10.51804689,420,873,548,648,303,5
10.54246406,415,876,544,643,300,5
10.56328706,419,872,544,638,301,5
10.58773688,419,876,544,636,302,5
10.61223892,419,873,541,634,297,5
10.63257507,417,871,539,629,298,5
10.65743188,420,872,538,627,300,4
10.67784599,418,872,538,627,299,4
10.7022889,418,870,537,627,294,4
10.72708801,414,873,535,624,294,4
10.74733404,417,873,536,624,294,4
10.77203111,419,872,536,627,298,4
10.79272989,418,873,536,625,294,4
10.81696896,417,873,536,620,293,4
10.84139089,417,871,532,624,295,4
10.8623629,418,873,536,625,296,4
10.886488,417,873,536,627,294,4
10.90705494,416,874,531,626,292,4
10.93158297,417,875,535,627,293,4
10.9521139,418,875,534,629,296,4
10.9766231,416,872,534,628,289,4
11.00121001,413,874,532,625,293,4
11.02194194,416,876,536,629,293,4
11.04629401,417,875,534,630,294,4
11.06685189,415,875,536,627,292,4
11.09138397,412,876,535,625,290,4
11.11621503,417,876,532,629,293,4
11.13641194,417,876,533,631,295,4
11.16134194,417,876,533,624,294,4
11.18156389,417,876,533,627,292,4
11.2059801,418,878,534,631,296,4
11.23060493,419,876,534,632,294,4
11.25118307,414,878,532,632,296,4
11.27589206,417,876,532,632,293,4
11.29648189,419,878,535,632,296,4
11.32103495,419,877,535,634,297,4
11.34157804,418,878,535,633,295,4
11.36575011,418,877,534,633,294,4
11.39019398,417,877,533,633,295,4
11.41098193,419,875,535,634,298,4
11.43554095,417,878,530,633,294,4
11.45624498,419,875,534,632,291,4
11.48050598,419,878,535,635,295,4
11.5049291,417,878,535,636,297,4
11.52566103,420,877,536,629,294,4
11.55013708,419,874,530,632,291,4
11.57082299,418,878,534,633,297,4
11.59518794,419,876,534,630,295,4
11.61985806,415,877,533,627,293,4
11.64022593,416,875,532,628,290,4
11.66477708,417,876,534,630,295,4
11.68543605,416,875,533,630,292,4
11.7098401,417,874,534,625,290,4
11.730449,418,876,528,626,289,4
11.75499991,418,876,533,625,291,4
11.77952389,414,875,533,628,292,4
11.79993896,416,876,533,627,290,4
11.82483391,418,875,534,627,292,4
11.84535388,415,875,534,629,293,4
11.8695989,417,876,534,629,293,4
11.89416389,417,875,535,628,290,4
11.91472105,417,876,533,629,291,4
11.93927697,417,876,537,629,293,4
11.95993403,418,877,535,630,295,4
11.98450998,415,876,535,630,289,4
12.00875906,415,875,535,631,293,4
12.029465,419,877,535,633,297,4
12.0538979,417,877,534,633,296,4
12.0743039,418,877,532,634,295,4
12.09919504,417,877,536,635,296,4
12.11955194,418,878,538,635,298,4
12.14429001,418,878,535,636,297,4
12.16859011,417,876,536,635,291,4
12.18959311,419,878,534,634,295,4
12.21371798,420,879,535,635,300,4
12.23425392,421,878,536,636,298,4
12.25892595,417,879,537,635,292,4
12.28321008,416,877,536,635,293,4
12.3037651,420,876,537,637,301,4
12.32829288,417,878,536,636,299,4
12.34899,420,878,536,630,295,4
12.37325791,422,877,535,635,299,4
12.39784602,421,880,538,638,299,4
12.41864304,421,878,538,634,299,4
12.44305305,416,877,535,632,296,4
12.46383695,419,878,534,634,296,4
12.488071,421,877,536,635,299,4
12.50854305,418,879,537,630,296,4
12.53306488,419,877,531,631,289,4
12.55786399,419,877,538,627,296,4
12.57838611,417,876,533,632,297,4
12.60294489,419,877,534,630,293,4
12.62364296,419,878,529,629,292,4
12.64795689,418,877,533,629,293,4
12.67236499,422,877,535,630,294,4
12.69334606,414,877,535,626,293,4
12.71756009,417,878,533,627,294,4
12.738035,419,875,531,629,294,4
12.76276807,419,877,534,630,294,4
12.78702096,419,876,533,629,294,4
12.80756907,414,879,533,630,292,4
12.83221106,418,878,533,628,294,4
12.85277609,419,877,532,632,298,4
12.87727098,417,879,532,630,295,4
12.89777402,417,877,533,627,292,4
12.92246298,419,879,534,632,296,4
12.94693593,419,879,531,631,299,4
12.96737389,419,878,532,629,297,4
12.99211697,417,878,531,632,296,4
13.01264409,419,879,530,631,295,4
13.03697804,419,879,533,633,300,4
13.0619171,417,877,529,633,296,4
13.08210997,417,879,533,632,294,4
13.10666398,419,878,534,632,301,4
13.12733511,418,878,535,635,298,4
13.15170602,415,879,535,633,292,4
13.17622689,416,879,529,632,295,4
13.19686107,419,876,534,633,297,4
13.2212861,417,878,536,633,297,4
13.24187092,418,879,534,632,296,4
13.26653604,417,879,535,633,291,4
13.28713397,418,878,534,635,297,4
13.31153611,418,879,531,635,297,4
13.33591894,417,878,533,630,289,4
13.3564041,416,878,531,631,292,4
13.38099293,417,878,530,631,294,4
13.40167502,418,875,531,633,297,4
13.42626504,414,878,530,630,291,4
13.4506791,413,877,530,627,292,4
13.47118906,415,875,527,630,294,4
13.49612001,416,877,528,629,294,4
13.51655606,416,877,528,630,291,4
13.54083399,416,878,531,628,291,4
13.56536893,417,877,530,632,294,4
13.58590988,418,878,526,633,295,4
13.61048607,416,875,526,631,292,4
13.63091496,416,878,528,633,291,4
13.65578202,419,877,530,634,297,4
13.676415,418,878,528,634,297,4
13.70059399,416,877,531,633,294,4
13.72555188,417,877,526,632,294,4
13.74572495,418,873,529,632,297,4
13.77023105,417,876,526,633,300,4
13.79095797,414,876,530,631,295,4
13.81526593,419,877,531,630,296,4
13.83970098,419,876,532,635,299,4
13.86070088,417,875,532,634,298,4
13.88480596,418,874,531,634,298,4
13.90533499,417,875,532,631,296,4
13.92992095,418,874,531,635,299,4
13.95438103,418,875,532,635,296,5
13.9749401,417,872,532,635,296,5
13.99938492,417,875,534,639,294,5
14.02001194,418,874,535,644,299,5
14.04492501,418,875,536,647,299,5
14.06511001,417,877,537,646,295,5
14.08976797,417,877,539,651,299,5
14.11415104,419,877,539,655,301,5
14.13462905,419,878,537,658,299,5
14.1594911,415,876,541,658,296,5
14.17971806,418,878,541,659,300,5
14.20425991,421,877,544,662,301,5
14.22878198,416,878,545,664,300,1
14.24938706,419,879,547,664,298,1
14.27382592,421,880,547,665,300,1
14.29455403,419,879,549,666,304,1
14.31894711,419,880,548,667,302,1
14.34362606,419,879,550,667,301,1
14.36403803,420,879,549,666,300,1
14.38839797,421,880,553,670,306,1
14.40922908,422,882,551,668,305,1
14.4336429,421,882,551,670,305,1
14.45418195,421,882,556,667,306,1
14.47863606,423,882,555,673,306,1
14.503274,423,882,556,671,308,1
14.52403692,423,881,551,671,306,1
14.548286,422,883,554,671,308,1
14.56904892,423,883,557,671,310,1
14.59356193,419,883,560,671,311,1
14.61779002,422,883,559,670,307,1
14.63840012,423,883,561,669,311,1
14.662967,425,883,558,672,312,1
14.68360905,420,884,561,672,315,1
14.70811204,423,884,561,669,312,1
14.73251609,423,884,556,671,313,1
14.75312809,424,884,562,670,317,1
14.77787403,421,884,561,672,314,1
14.79824499,422,882,560,669,312,1
14.82278708,426,884,558,671,313,1
14.84315709,424,884,561,670,316,1
14.86778406,424,883,562,673,314,1
14.89252404,423,883,560,671,312,1
14.91302303,423,884,558,672,314,1
14.93735603,425,882,563,671,316,1
14.95809106,425,884,558,671,315,1
14.98245005,424,884,560,670,312,1
15.00696091,425,884,564,670,312,1
15.02773193,425,883,561,672,317,1
15.0520101,423,882,564,671,315,1
15.07295398,425,883,562,670,311,1
15.09295398,423,884,561,671,313,1
15.09351283,425,884,559,671,316,1
15.09401089,422,883,562,671,309,1
15.09447199,420,882,557,670,312,1
15.09495502,424,882,562,673,314,1
15.09544784,424,884,561,673,314,1
15.09593087,423,881,562,669,313,1
15.09641891,423,881,557,670,308,1
15.09696585,423,884,559,672,310,1
15.0974639,422,884,563,672,314,1
15.09814793,422,884,562,672,307,1
15.09872299,424,884,561,669,306,1
15.09920293,424,882,562,671,313,1
15.09967285,424,884,563,672,313,1
15.10014492,422,884,559,670,306,1
15.10061985,424,884,562,671,309,1
15.10109597,423,883,561,672,310,1
15.10207683,422,881,559,673,312,1
15.10328299,421,885,563,672,309,1
15.10447484,422,883,558,669,307,1
15.10527187,423,884,562,672,308,1
15.10577684,424,884,563,673,309,1
15.10625487,421,884,561,668,308,1
15.106767,422,883,562,671,308,1
15.10724789,421,883,560,672,309,1
15.10772091,423,882,560,672,310,1
15.10819798,417,884,561,672,306,1
15.10867482,423,883,557,671,307,1
15.10914784,421,883,562,674,309,1
15.10961801,421,883,561,673,309,1
15.11015588,416,883,557,673,307,1
15.11074096,421,884,558,669,306,1
15.11135202,420,881,561,672,308,1
15.11185699,420,880,562,674,308,1
15.11233383,420,883,559,673,302,1
15.11280685,419,882,561,672,305,1
15.11327487,422,883,561,674,307,1
15.11380893,422,882,563,673,304,1
15.11428696,419,880,557,670,299,1
15.11503488,417,882,561,669,303,1
15.11554795,421,883,561,673,306,1
15.11603886,421,883,563,673,305,1
15.11652094,420,884,561,670,303,1
15.11700088,420,881,559,672,304,1
15.11747986,421,882,561,673,305,1
15.11796099,421,882,562,673,307,1
15.11889988,420,884,562,672,303,1
15.12017685,421,883,559,672,301,1
15.12136799,420,882,563,673,308,1
15.121831,422,882,562,671,306,1
15.12215787,420,884,561,670,303,1
15.12248403,421,882,561,671,305,1
15.12280589,422,884,563,673,308,1
15.12310892,422,883,562,672,307,1
15.1234079,420,881,562,671,304,1
15.12370687,420,884,561,671,306,1
15.124008,422,882,561,671,309,1
15.12430888,421,884,561,671,307,1
15.12460881,420,882,562,670,304,1
15.12490803,420,884,560,670,305,1
15.12523395,422,883,562,672,308,1
15.12554294,421,883,563,671,307,1
15.12585193,418,883,561,668,304,1
15.12616187,421,883,561,670,305,1
15.12645799,421,882,562,671,308,1
15.12671,420,882,561,671,305,1
15.12698203,419,883,561,670,303,1
15.12724381,420,883,561,670,304,1
15.12754899,420,883,561,672,307,1
15.12784296,419,881,562,671,304,1
15.1286729,418,884,558,670,300,1
15.12903386,420,883,562,671,305,1
15.12941986,421,883,563,672,306,1
15.1297968,419,882,561,672,304,1
15.130189,419,882,561,669,302,1
15.13079101,420,882,561,670,303,1
15.13148695,420,883,562,672,306,1
15.13182598,419,882,561,670,302,1
15.13209802,418,882,559,669,301,1
15.13241297,420,883,563,671,304,1
15.14508801,420,883,561,671,306,1
15.16971498,419,882,559,671,301,1
15.19006997,418,883,560,669,300,1
15.21455985,420,881,561,670,302,1
15.23502499,420,883,561,672,305,1
15.25950199,420,882,562,670,303,1
15.284195,419,884,559,669,302,1
15.30486589,420,883,562,671,303,1
15.32929593,420,883,561,671,305,1
15.34990388,417,883,560,669,301,1
15.37452489,416,883,559,668,301,1
15.39874893,420,883,558,667,303,1
15.41929894,420,882,558,664,304,5
15.44403201,419,879,557,656,299,5
15.46451384,414,875,552,636,298,5
15.48890382,419,869,546,612,299,5
15.5095759,418,863,536,582,299,5
15.5339399,417,852,527,543,291,5
15.55838781,418,848,515,503,294,5
15.57900291,421,842,505,479,295,5
15.60347587,421,837,499,456,297,5
15.62402087,422,834,489,442,286,5
15.64860493,422,831,491,427,287,5
15.6733399,423,829,487,423,293,5
15.69362789,425,825,484,418,292,2
15.71816498,422,828,480,411,288,2
15.73905688,424,827,479,411,285,2
15.76330191,423,826,477,409,290,2
15.78787189,425,826,474,404,292,2
15.80863386,427,825,471,406,286,2
15.83281284,426,822,472,404,283,2
15.85386282,427,825,473,399,289,2
15.87839991,426,826,470,400,288,2
15.89842683,422,825,470,400,285,2
15.92308503,428,823,469,403,283,2
15.94755393,425,825,467,405,286,2
15.96812492,426,826,469,408,287,2
15.99259192,425,826,468,399,285,2
16.01345902,424,824,463,402,286,2
16.03793698,427,826,468,409,289,2
16.06247788,425,828,469,413,286,2
16.08296185,427,827,467,409,287,2
16.10751182,427,828,468,413,288,2
16.12784296,429,826,469,414,292,2
16.15235287,429,827,470,415,295,2
16.17711597,428,827,469,417,287,2
16.19748193,428,825,465,411,290,2
16.22188097,429,825,470,415,295,2
16.24248391,428,824,469,421,297,2
16.26697188,429,822,470,422,293,2
16.28751284,432,827,471,420,297,2
16.31234985,430,826,471,423,298,2
16.33663898,432,828,471,420,298,2
16.35713202,429,826,469,423,291,2
16.3817268,429,826,467,420,297,2
16.40227395,431,825,472,425,301,2
16.426925,431,828,470,426,298,2
16.45122701,428,826,471,421,296,2
16.47206598,432,826,470,421,299,2
16.49629503,430,825,469,417,300,2
16.51685792,428,824,469,412,299,2
16.54168588,431,822,469,411,297,2
16.56595403,430,823,468,407,295,2
16.58657199,430,823,469,410,301,2
16.61094981,431,821,466,408,298,2
16.63145596,428,822,467,400,295,2
16.65598494,429,820,466,409,294,2
16.67648393,431,822,466,411,297,2
16.7011109,430,821,469,410,295,2
16.72560197,425,821,462,408,293,2
16.74636799,429,822,465,410,297,2
16.77081281,431,822,467,415,300,2
16.79123598,425,822,468,415,298,2
16.81594902,429,824,467,416,292,2
16.8405109,431,826,468,422,297,2
16.86085397,430,824,468,421,302,2
16.88537103,430,825,469,424,301,2
16.90606695,429,825,469,422,298,2
16.93050486,430,821,468,423,300,2
16.95500093,431,826,468,429,301,2
16.97577983,429,825,470,421,302,2
17.00017982,429,824,471,430,298,2
17.02056986,432,824,473,434,300,2
17.04539686,430,823,473,436,304,2
17.06569582,429,823,469,430,299,2
17.090123,427,820,473,436,299,2
17.11470181,429,821,472,435,299,2
17.13528782,430,822,471,438,301,2
17.15998202,425,822,474,437,296,2
17.18038302,430,819,471,436,298,2
17.20496088,429,821,473,439,302,2
17.22933393,430,821,475,441,304,2
17.2501989,428,818,473,443,298,2
17.27483994,429,820,468,439,298,2
17.29492193,430,821,474,440,301,2
17.31960183,431,823,475,444,300,2
17.34413391,427,821,477,437,299,2
17.36463099,425,820,475,443,298,2
17.38909894,429,821,475,447,303,2
17.409828,429,821,474,448,300,2
17.43420392,429,821,476,445,295,2
17.45467597,426,821,476,440,297,2
17.47932082,429,821,476,447,299,2
17.50395089,430,820,476,451,298,2
17.52421385,428,815,475,449,299,2
17.54888397,427,820,476,447,296,2
17.56983191,429,818,474,452,298,2
17.59383589,427,818,479,452,301,2
17.61838799,425,818,480,451,298,2
17.6391378,428,817,479,451,296,2
17.66359192,428,818,478,453,300,2
17.68410498,428,819,476,457,301,2
17.70885187,424,817,478,455,295,2
17.73318201,428,818,475,454,294,2
17.75368696,428,817,480,458,300,2
17.77819496,428,815,481,460,301,2
17.7990089,426,814,474,458,298,2
17.82340103,426,813,484,459,296,2
17.84414202,427,812,481,460,299,2
17.86832386,427,810,480,462,300,2
17.89280683,428,810,482,458,298,2
17.91340691,428,809,483,460,294,2
17.93822485,426,810,480,460,300,2
17.9583798,427,810,480,462,299,2
17.983105,426,812,482,454,296,2
18.00757795,425,812,483,460,298,2
18.02837401,427,813,481,460,298,2
18.05245882,427,813,481,462,298,2
18.07321602,426,813,482,460,291,2
18.09758597,425,814,478,458,294,2
18.12213999,427,817,479,461,299,2
18.142932,428,818,479,460,298,2
18.16724282,425,819,482,458,293,2
18.18778902,427,821,477,458,298,2
18.21258694,427,822,480,459,297,2
18.23283487,426,822,480,461,298,2
18.257366,425,823,480,457,294,2
18.28189593,424,824,481,462,296,2
18.30256897,426,824,481,464,299,2
18.32701689,426,825,481,462,296,2
18.34752089,422,825,477,464,293,2
18.37237197,422,823,482,462,295,2
18.39670092,426,826,481,466,295,2
18.41719895,424,828,481,465,296,2
18.44201499,425,830,484,466,291,2
18.46218997,423,831,484,467,295,2
18.48670298,425,832,485,472,298,5
18.51139694,425,834,483,476,296,5
18.5317648,424,834,482,482,294,5
18.55648094,425,838,486,485,297,5
18.57711297,425,840,487,489,300,5
18.60136086,425,841,485,491,299,5
18.62176186,425,840,488,492,297,5
18.646411,422,840,488,493,298,5
18.67110997,426,839,490,497,302,5
18.69148093,427,840,491,500,299,5
18.71614295,424,840,490,502,295,5
18.73657399,428,841,489,505,301,5
18.76132494,426,842,493,505,303,5
18.78561884,427,844,494,509,303,5
18.8063119,426,844,494,514,299,5
18.83083898,425,847,497,524,300,5
18.85128003,425,849,503,541,305,5
18.87596684,424,853,504,559,303,5
18.90045482,422,856,511,570,301,5
18.92078882,424,857,519,585,304,5
18.94547802,422,863,526,598,306,5
18.96592384,421,864,530,608,305,5
18.99041682,417,868,534,617,298,5
19.01119596,418,871,538,624,303,5
19.03553301,420,872,542,633,306,5
19.06017595,419,874,547,638,304,5
19.08063799,417,877,551,640,303,5
19.10537201,418,878,556,644,304,5
19.12577086,418,879,554,646,305,5
19.15018087,416,880,556,647,302,5
19.17475301,416,880,557,646,301,1
19.19531303,416,881,558,648,302,1
19.22000581,418,881,559,652,306,1
19.24060803,415,882,561,652,302,1
19.26480585,417,882,560,650,297,1
19.28932386,419,884,563,654,303,1
19.309892,418,884,562,654,306,1
19.33438688,419,882,563,655,306,1
19.35488683,417,884,562,654,300,1
19.37959081,418,884,562,655,305,1
19.40006286,420,886,563,657,307,1
19.42453581,418,882,564,657,305,1
19.44913703,417,885,563,657,300,1
19.46973997,420,883,564,655,308,1
19.49418193,419,885,565,657,307,1
19.5147708,419,881,566,653,305,1
19.53922683,414,884,564,652,302,1
19.56382495,419,885,565,656,305,1
19.58430487,421,886,564,658,307,1
19.60925394,418,886,565,654,300,1
19.62972599,418,886,568,654,303,1
19.65387994,420,886,566,658,307,1
19.67882281,420,886,567,657,304,1
19.69899493,418,883,567,657,304,1
19.72350198,415,885,566,654,303,1
19.74436098,420,886,566,657,305,1
19.768601,420,885,566,659,305,1
19.78936082,414,886,567,658,305,1
19.81367403,415,885,566,658,301,1
19.83850199,418,886,567,659,305,1
19.85876685,419,885,567,659,305,1
19.8832038,416,886,570,654,302,1
19.90404683,418,887,567,658,302,1
19.92828494,419,886,568,660,304,1
19.95278603,419,887,568,660,304,1
19.9734109,417,886,568,659,302,1
19.99797994,417,886,566,656,299,1
20.01844197,417,887,567,660,302,1
20.04306894,417,886,568,660,306,1
20.06753903,418,887,569,659,301,1
20.08798891,415,886,567,658,302,1
20.11286598,419,885,568,659,303,1
20.13286598,416,886,567,661,304,1
20.13342293,417,886,563,659,302,1
20.13392098,418,885,565,656,299,1
20.13443287,417,887,568,661,305,1
20.13496502,419,885,569,660,303,1
20.13544305,418,884,568,660,301,1
20.13610585,418,886,564,659,301,1
20.13661106,418,886,567,660,303,1
20.1370879,418,886,568,659,304,1
20.13756402,416,884,567,659,301,1
20.138038,416,887,568,660,302,1
20.13873799,419,887,568,660,304,1
20.13985785,418,885,566,659,302,1
20.14046391,416,886,566,658,295,1
20.1409529,417,887,568,660,302,1
20.14143284,419,886,569,661,304,1
20.14190896,418,886,567,660,303,1
20.14238604,416,886,568,659,297,1
20.14290388,416,886,568,660,299,1
20.14338787,418,885,567,661,304,1
20.14386685,417,886,568,660,303,1
20.14434703,415,886,568,660,299,1
20.14482387,415,886,567,660,302,1
20.14530499,417,885,568,661,304,1
20.14578302,416,885,567,661,302,1
20.14626606,417,885,568,658,300,1
20.14676984,418,886,567,659,301,1
20.14737185,419,887,568,661,303,1
20.14799197,415,887,567,661,301,1
20.14848288,416,886,568,660,299,1
20.14893301,417,886,568,658,302,1
20.14938004,417,886,567,663,303,1
20.14982803,416,887,563,662,300,1
20.15032299,415,887,568,658,299,1
20.15101607,417,888,567,661,299,1
20.15150292,415,888,566,663,300,1
20.1519769,417,886,565,664,299,1
20.15265687,414,886,567,663,294,1
20.153174,414,888,567,663,299,1
20.15367086,416,886,567,664,300,1
20.15415891,415,885,568,664,296,1
20.15467484,416,887,566,663,296,1
20.15521296,415,887,566,665,296,1
20.15624698,416,886,567,666,301,1
20.15733107,416,886,562,662,293,1
20.15826495,413,885,565,664,291,1
20.15885504,416,886,569,667,296,1
20.15932687,416,887,566,667,298,1
20.15977605,414,888,566,667,296,1
20.16021998,414,887,565,665,293,1
20.16066297,414,886,563,667,294,1
20.16104706,415,884,565,668,298,1
20.16136702,415,886,564,668,291,1
20.16167505,413,886,561,667,295,1
20.161985,417,886,561,669,299,1
20.16229494,416,888,560,668,299,1
20.16262897,415,888,557,668,297,1
20.16294106,416,888,556,664,295,1
20.16325005,416,888,552,665,296,1
20.16355594,416,889,552,665,298,1
20.18101104,415,889,547,662,294,1
20.20130594,415,887,547,660,289,1
20.22589095,416,889,547,657,295,1
20.24652703,414,888,545,658,295,1
20.27105697,412,887,544,653,292,1
20.29592689,415,886,542,653,290,1
20.31629093,415,888,541,654,292,1
20.34081896,416,888,541,652,295,5
20.36116107,415,886,537,651,288,5
20.38612588,416,885,532,646,291,5
20.40615495,419,882,525,641,294,5
20.43075498,423,874,518,627,296,5
20.45523293,421,862,514,611,296,5
20.47580607,426,857,519,598,295,5
20.50071104,427,849,516,598,296,5
20.52100094,427,843,517,591,299,5
20.54553302,426,840,509,584,298,5
20.57001598,432,833,509,578,298,3
20.59054907,432,837,512,576,300,3
20.61508687,432,838,510,572,299,3
20.63566502,428,837,509,569,297,3
20.66010602,433,839,509,566,295,3
20.6846989,433,840,510,566,299,3
20.70535501,432,842,510,566,298,3
20.72965892,432,842,511,563,299,3
20.75073107,429,841,508,561,295,3
20.77474506,434,841,509,562,299,3
20.79544003,433,840,510,562,297,3
20.81996687,430,839,507,562,295,3
20.84436186,432,836,504,559,292,3
20.86516507,434,841,508,560,296,3
20.88945587,431,841,508,561,294,3
20.91015895,428,843,510,563,293,3
20.93458684,432,843,506,561,293,3
20.95913299,433,843,510,567,297,3
20.979683,432,843,511,569,296,3
21.00416,432,840,507,568,294,3
21.02465685,434,844,508,569,295,3
21.04923304,433,844,513,570,298,3
21.07373794,435,843,512,572,298,3
21.09425385,431,843,513,571,296,3
21.11877592,432,842,512,571,299,3
21.13935502,435,841,510,573,299,3
21.16417892,434,841,511,572,300,3
21.18446692,432,840,514,571,296,3
21.20922192,431,842,510,572,298,3
21.23353394,434,841,513,572,301,3
21.25401695,432,840,514,574,300,3
21.27857001,429,840,515,570,296,3
21.29887493,432,838,514,571,300,3
21.3301359,432,840,516,572,299,3
21.34796293,433,839,515,573,298,3
21.36847003,432,839,516,567,295,3
21.39324697,432,837,515,569,294,3
21.41397889,432,836,516,569,296,3
21.43823488,432,838,518,571,292,3
21.46282895,429,838,511,568,290,3
21.48342903,430,836,517,569,293,3
21.50786384,431,837,518,570,295,3
21.52844794,431,837,518,567,289,3
21.55300196,429,835,517,563,289,3
21.57345493,430,837,518,564,291,3
21.59799297,430,838,518,565,293,3
21.62255199,431,834,518,568,291,3
21.64305003,429,837,518,565,291,3
21.667713,430,838,517,566,292,3
21.68812092,430,838,520,570,295,3
21.71284206,431,837,516,570,292,3
21.73729189,432,838,520,568,294,3
21.75769885,433,838,521,570,299,3
21.78261884,432,838,521,571,300,3
21.80289586,432,838,520,572,301,3
21.82728799,431,839,517,567,297,3
21.85190495,432,839,521,569,300,3
21.87263687,434,839,521,572,304,3
21.89694889,433,838,522,571,302,3
21.91771706,433,841,519,567,299,3
21.94226106,434,841,520,570,302,3
21.96263988,434,841,520,570,304,3
21.987125,432,842,518,569,304,3
22.01178487,436,841,515,566,301,3
22.03234394,435,842,518,566,303,3
22.05664499,436,844,519,569,306,3
22.0773619,437,843,521,567,303,3
22.10155495,433,840,518,566,302,3
22.12628897,435,845,520,568,308,3
22.14699204,435,846,521,568,306,3
22.17131384,434,847,517,563,304,3
22.19173201,436,846,521,560,302,3
22.21632107,434,847,521,560,303,3
22.2408839,434,844,523,564,305,3
22.26143702,429,845,522,561,304,3
22.28607901,434,847,520,560,298,3
22.30656298,435,846,522,562,301,3
22.33109196,434,846,521,563,304,3
22.35168107,432,847,521,564,300,3
22.37649591,432,845,518,560,303,3
22.40072186,433,846,521,564,299,3
22.42115791,433,847,521,565,304,3
22.44597395,431,842,517,560,299,3
22.46632798,433,845,520,563,296,3
22.49076803,434,846,520,567,304,3
22.51550897,433,846,522,566,304,3
22.53580196,428,845,523,568,303,3
22.56044205,430,842,520,567,303,3
22.58128698,433,846,517,575,303,3
22.60555585,433,848,519,579,305,3
22.63016303,433,847,513,579,299,3
22.65058787,432,848,517,582,302,3
22.67511685,433,847,515,584,308,3
22.69573195,434,846,516,586,306,3
22.72017296,428,846,518,581,303,3
22.74096306,431,843,515,582,304,3
22.76553305,432,846,518,584,305,3
22.78982599,432,846,519,582,306,3
22.81064995,432,845,516,577,301,3
22.834843,430,846,519,578,302,3
22.85551389,433,844,519,579,306,3
22.87997087,431,845,520,581,303,3
22.90444286,433,846,520,577,303,3
22.92496498,433,845,524,580,300,3
22.94967802,432,845,522,580,301,3
22.97007497,432,845,522,582,301,3
22.99452503,431,845,522,580,301,3
23.01901587,429,845,520,579,296,3
23.03959187,431,844,523,582,300,3
23.06410892,430,845,522,579,299,3
23.08472784,428,844,522,576,296,3
23.10939391,429,843,523,574,297,3
23.12968905,427,844,522,579,296,3
23.15425594,427,844,523,579,295,3
23.17882498,427,842,521,579,292,3
23.19958599,426,844,522,579,287,3
23.223821,429,844,524,579,295,3
23.24466284,427,844,523,579,292,3
23.26916607,426,844,524,574,290,3
23.29331596,427,844,524,576,294,3
23.31414803,427,845,524,582,294,3
23.33845385,429,845,524,582,293,3
23.35914596,425,847,527,580,292,3
23.38376601,427,846,524,581,294,3
23.40836986,428,847,527,581,297,3
23.42867191,427,848,526,580,294,3
23.4532419,427,847,528,575,293,3
23.47376807,429,848,530,579,292,3
23.49816187,428,848,527,582,297,3
23.51901801,428,849,528,581,295,3
23.54337295,427,848,523,581,296,3
23.56789096,427,848,524,581,295,3
23.588461,428,849,527,584,298,3
23.61310394,426,849,529,581,296,3
23.63393386,422,849,527,580,290,3
23.65802296,429,848,528,580,298,3
23.68269284,429,849,527,581,298,3
23.70307787,427,848,530,581,298,3
23.727542,427,848,528,579,288,3
23.74818404,427,849,524,578,295,3
23.77285107,429,852,528,582,298,3
23.79743202,424,853,527,582,296,3
23.81778486,427,852,525,581,290,3
23.84230597,426,850,525,582,296,3
23.86463006,428,853,527,583,296,3
23.88733895,425,854,522,583,293,3
23.90785797,426,850,526,580,289,3
23.93263705,426,854,527,581,292,3
23.95692499,427,854,528,580,295,3
23.97748597,426,852,526,581,294,3
24.00219305,423,853,528,578,287,3
24.02257402,429,854,526,579,292,3
24.04705985,426,854,526,578,293,3
24.07158192,426,852,528,577,288,3
24.09207304,425,853,526,578,291,3
24.11663707,427,852,526,578,293,3
24.13718493,427,854,527,580,295,3
24.16165097,426,854,528,581,293,3
24.18636306,429,854,529,582,294,3
24.20680387,429,856,530,582,296,3
24.23148902,428,854,529,583,298,3
24.25186403,425,855,525,583,297,3
24.27655204,426,856,531,578,294,3
24.29729994,428,852,529,583,299,3
24.32145103,429,853,531,584,300,3
24.34626492,427,852,533,579,297,3
24.36659987,429,852,533,582,296,3
24.39100988,430,852,532,586,305,3
24.41183694,430,852,532,585,305,3
24.43669684,430,852,533,584,304,3
24.46075089,426,852,530,584,300,3
24.48150094,430,852,532,586,305,3
24.50576504,430,852,532,588,306,3
24.52619203,429,851,531,587,304,3
24.55085905,430,852,528,585,298,3
24.57559188,429,851,531,589,303,3
24.59600289,429,851,531,588,302,3
24.62035902,429,848,531,590,296,3
24.64097889,428,852,531,585,299,3
24.66576488,429,852,531,588,300,3
24.68592294,427,852,528,587,299,3
24.71097,425,851,531,583,295,3
24.73510297,426,851,531,584,292,3
24.75581701,427,852,530,587,293,3
24.78017195,425,849,529,589,293,3
24.80075295,424,851,527,588,289,5
24.82524689,422,850,530,588,290,5
24.84990986,425,849,530,590,290,5
24.87031301,424,850,529,593,292,5
24.89468987,426,853,528,593,289,5
24.91530903,426,860,531,603,287,5
24.93979891,426,864,531,610,295,5
24.96467288,426,866,534,613,295,5
24.98530705,424,868,535,615,293,5
25.00958903,425,869,530,619,293,5
25.03038891,425,870,534,624,296,5
25.05460294,425,872,535,631,293,5
25.07911189,422,873,538,634,291,5
25.09969504,424,875,536,639,296,1
25.12404187,425,876,537,642,299,1
25.14473684,424,873,538,643,298,1
25.16473684,420,876,534,646,295,1
25.16532192,424,875,537,648,296,1
25.16598878,425,876,542,653,297,1
25.16703496,423,876,544,655,297,1
25.1676198,423,876,546,657,292,1
25.16813097,421,874,546,659,290,1
25.16867981,423,874,548,661,297,1
25.16921577,420,874,547,661,294,1
25.16988287,421,872,550,661,295,1
25.17042694,421,874,550,662,295,1
25.17092881,421,873,552,664,297,1
25.17142091,418,874,552,662,296,1
25.1719099,420,872,553,664,292,1
25.17244992,420,874,551,664,293,1
25.17298994,421,874,554,666,298,1
25.17351875,422,872,554,666,298,1
25.1740478,419,875,553,665,294,1
25.17457376,422,874,556,666,297,1
25.17532096,422,874,553,667,297,1
25.17612181,421,872,555,665,296,1
25.1768559,420,874,552,666,294,1
25.17748675,421,874,552,666,294,1
25.17803893,420,875,554,670,298,1
25.17857275,421,872,555,669,296,1
25.17917976,419,876,550,667,292,1
25.17994986,421,873,555,668,295,1
25.18049583,420,876,554,670,297,1
25.18097887,420,873,554,668,294,1
25.18145595,420,876,558,668,295,1
25.18192897,420,876,555,669,295,1
25.18286381,422,875,556,672,299,1
25.18382678,420,876,556,667,296,1
25.18433294,419,875,554,668,293,1
25.1847919,421,875,558,671,297,1
25.1852108,421,876,555,671,297,1
25.18551288,420,874,556,671,295,1
25.18581376,419,876,555,669,293,1
25.18613586,420,874,555,669,293,1
25.18644581,420,875,555,670,295,1
25.18675575,421,872,556,666,292,1
25.18706474,416,875,554,669,289,1
25.18737493,421,876,558,670,297,1
25.18768582,420,876,555,670,294,1
25.18799291,419,875,555,666,296,1
25.18831692,420,875,552,670,291,1
25.18863688,419,875,554,670,293,1
25.18894897,420,875,556,671,296,1
25.18926082,420,876,550,671,294,1
25.18956981,418,875,555,669,291,1
25.18988476,420,875,556,669,295,1
25.1901978,418,876,555,670,294,1
25.19042978,418,875,555,670,293,1
25.19066391,420,876,551,670,292,1
25.1908978,419,876,554,669,294,1
25.19113193,420,874,555,673,295,1
25.19136295,419,875,554,668,294,1
25.19159279,419,876,554,669,291,1
25.19182286,420,876,554,671,294,1
25.19205389,420,876,554,673,296,1
25.19228587,418,874,555,671,294,1
25.19253693,420,874,550,670,292,1
25.19276986,418,877,553,670,294,1
25.19300184,420,877,553,673,295,1
25.19323287,416,876,550,672,292,1
25.19346485,418,875,550,670,292,1
25.19369588,420,876,554,672,296,1
25.19392881,419,875,554,670,295,1
25.19415984,418,876,554,671,293,1
25.19439278,419,876,550,670,292,1
25.1946238,420,876,553,671,293,1
25.19485579,419,876,551,672,295,1
25.19508777,416,875,550,671,289,1
25.19532976,415,876,553,671,291,1
25.19551692,420,876,556,671,296,1
25.19570193,418,877,554,672,294,1
25.19600687,418,876,551,666,293,1
25.19620285,417,876,555,669,292,1
25.19640574,419,877,551,671,295,1
25.19659481,420,877,555,669,294,1
25.19678078,419,876,553,671,291,1
25.19700584,419,877,554,670,293,1
25.19722185,420,875,554,673,294,1
25.19749389,419,875,553,671,294,1
25.19780383,416,877,550,671,287,1
25.19811187,419,877,550,670,289,1
25.19844995,419,876,551,672,294,1
25.19865379,418,877,553,673,294,1
25.19886384,417,875,552,670,290,1
25.19905577,417,875,552,666,293,1
25.19923887,419,876,552,671,293,1
25.19941983,419,876,551,672,291,1
25.19960985,418,877,555,670,286,1
25.20008192,415,876,555,671,288,1
25.2004889,417,876,555,672,294,1
25.20085893,418,876,553,672,293,1
25.20121989,417,877,551,671,292,1
25.20139585,417,876,552,670,289,1
25.2017189,419,877,553,672,293,1
25.2021688,418,876,553,670,293,1
25.20259795,419,874,551,670,291,1
25.20290289,417,877,550,670,290,1
25.20314989,419,875,552,671,292,1
25.20339689,420,876,550,672,290,1
25.20363579,414,874,552,668,290,1
25.20387182,419,877,552,669,290,1
25.20411286,419,877,552,671,294,1
25.20439682,417,877,551,671,293,1
25.20465693,417,874,550,670,290,1
25.20488176,420,876,549,670,292,1
25.20503983,419,875,551,671,294,1
25.20519385,418,877,549,670,293,1
25.20534477,418,877,553,668,290,1
25.20549784,417,877,550,669,291,1
25.20564995,417,875,551,671,294,1
25.20580277,418,875,551,669,293,1
25.20595489,417,877,551,669,291,1
25.20610676,417,877,551,668,293,1
25.20625887,420,876,551,669,296,1
25.20641193,417,876,550,670,294,1
25.20656381,419,877,551,669,292,1
25.20671592,419,877,550,670,292,1
25.20686779,419,877,552,671,297,1
25.20701895,419,875,551,670,294,1
25.20718679,415,877,550,669,293,1
25.20733891,419,878,549,668,295,1
25.20749197,420,877,552,670,297,1
25.2076448,417,878,552,669,296,1
25.20779786,419,877,552,668,292,1
25.20795283,419,877,550,668,294,1
25.20810375,421,877,551,670,299,1
25.20825682,419,876,552,669,293,1
25.2084218,419,876,551,666,295,1
25.20857677,420,877,552,669,298,1
25.20872984,420,875,552,668,298,1
25.2088829,420,877,551,665,296,1
25.20903597,419,875,551,667,298,1
25.20918975,419,876,551,668,297,1
25.20934186,420,877,552,669,300,1
25.20949588,419,877,550,668,298,1
25.20964775,418,876,549,666,297,1
25.20980082,420,876,553,666,299,1
25.20995388,421,877,552,669,299,5
25.21011577,419,876,552,668,298,5
25.21026382,419,876,553,664,297,5
25.21041379,419,875,552,668,298,5
25.21057591,420,876,553,667,300,5
25.21072874,418,874,553,667,297,5
25.2108799,417,876,552,666,295,5
25.2338408,419,876,553,668,299,5
25.2584239,419,877,553,668,298,5
25.27923975,417,876,553,666,296,5
25.30349383,417,874,552,665,295,5
25.32437096,418,876,551,667,296,5
25.34864483,418,876,553,667,298,5
25.36909781,419,875,553,666,296,5
25.39387188,418,877,553,666,294,5
25.41835079,420,876,552,667,298,5
25.43862281,418,876,553,667,298,5
25.46336875,417,876,552,665,295,5
25.48397574,419,876,552,664,294,5
25.5083879,419,879,552,666,296,5
25.53285489,418,880,552,666,297,5
25.55366883,417,879,550,663,294,5
25.57818375,416,880,549,661,293,5
25.59849486,418,881,550,661,297,5
25.6232439,416,881,546,659,295,5
25.64751992,416,880,546,654,294,5
25.66805277,416,879,545,650,294,5
25.69262681,416,876,542,653,295,5
25.71308479,416,876,542,652,296,5
25.73751483,414,875,539,648,292,5
25.75835881,412,875,541,646,292,5
25.78255377,415,876,542,646,295,5
25.80734191,414,878,541,643,295,5
25.82781277,413,878,540,639,289,4
25.85232887,414,879,540,635,291,4
25.87291584,412,879,540,635,294,4
25.89735875,412,877,540,634,294,4
25.92224679,412,879,539,631,290,4
25.94239984,412,879,537,630,291,4
25.96689496,413,879,539,632,295,4
25.98752294,413,880,539,632,293,4
26.01191483,410,878,538,628,292,4
26.0365418,413,878,538,628,293,4
26.05710993,413,879,538,628,295,4
26.08181796,413,878,537,629,294,4
26.10217986,413,879,536,627,290,4
26.12693892,413,879,536,627,292,4
26.14733777,415,879,537,629,295,4
26.17188582,413,879,535,628,294,4
26.19633183,414,880,535,627,289,4
26.21689186,416,878,534,624,290,4
26.24144993,416,880,534,625,296,4
26.26218877,417,879,535,624,294,4
26.28666196,415,880,532,621,291,4
26.31097183,415,878,533,620,293,4
26.3315309,417,878,533,621,296,4
26.35607777,415,878,532,618,293,4
26.37741981,416,878,532,615,292,4
26.40160284,417,877,534,615,293,4
26.42571578,418,878,534,615,296,4
26.44603691,416,877,535,614,295,4
26.47058997,415,877,533,611,294,4
26.49132476,417,875,535,609,296,4
26.51575289,419,877,537,611,300,4
26.53610096,417,876,537,611,297,4
26.56070886,416,877,537,607,297,4
26.58549986,417,876,539,608,298,4
26.6087359,418,876,539,609,301,4
26.63030276,417,875,539,608,301,4
26.65298376,416,875,538,605,297,4
26.67535577,417,877,538,606,300,4
26.70101581,418,877,539,609,304,4
26.72043381,415,878,539,608,301,4
26.74516187,417,877,539,606,299,4
26.76543484,417,880,537,606,304,4
26.79036388,419,878,538,607,305,4
26.81476984,417,879,533,608,303,4
26.83529387,416,880,540,606,300,4
26.8599659,416,877,538,606,300,4
26.88041887,417,877,538,604,306,4
26.90490088,417,878,538,603,303,4
26.9254168,417,878,539,601,301,4
26.94992695,415,877,540,607,307,4
26.97437081,417,877,539,605,304,4
26.99547276,419,877,542,600,303,4
27.02041874,415,877,539,604,304,4
27.04013882,417,875,538,607,304,4
27.0652698,419,876,540,606,305,4
27.08915291,416,876,541,606,304,4
27.10953794,414,877,540,609,300,4
27.13403997,419,878,537,613,303,4
27.15452776,418,877,541,612,305,4
27.17948685,418,875,540,612,304,4
27.20378075,416,874,541,612,298,4
27.22431574,416,878,540,611,302,4
27.24894986,420,877,540,613,304,4
27.26920686,418,876,540,612,300,4
27.29375086,416,875,543,611,295,4
27.31445084,416,878,539,610,306,4
27.33887491,418,876,540,611,303,4
27.36341796,417,877,541,606,299,4
27.3850368,417,879,539,606,303,4
27.40864191,418,877,541,611,302,4
27.42898688,417,877,540,614,305,4
27.45364175,419,875,540,611,304,4
27.4781538,415,878,539,613,300,4
27.49864683,419,877,542,613,305,4
27.52310286,420,877,541,615,304,4
27.54385076,419,879,540,613,303,4
27.56834874,419,874,538,612,300,4
27.59300575,420,877,542,614,306,4
27.61356483,416,877,540,616,308,4
27.63786397,414,877,543,611,303,4
27.6583539,416,879,538,616,299,4
27.68293176,421,878,539,618,304,4
27.70369682,421,878,544,617,306,4
27.72856889,417,878,539,618,304,4
27.75250993,419,877,542,616,303,4
27.77308593,418,878,541,620,304,4
27.79768977,420,878,543,618,305,4
27.81844292,418,878,541,620,302,4
27.84262786,419,878,542,619,305,4
27.86724195,419,876,544,620,306,4
27.88779292,419,877,542,622,304,4
27.91253791,417,878,541,615,301,4
27.93297491,421,878,542,618,302,4
27.95736394,420,878,540,623,303,4
27.98187981,417,878,542,622,306,4
28.00259075,418,878,542,623,301,4
28.02698383,418,879,539,622,304,4
28.04786096,420,879,543,625,306,4
28.07219682,419,879,543,624,304,4
28.09253774,418,879,541,623,303,4
28.1176599,419,880,544,624,306,4
28.14155684,420,879,543,625,309,4
28.16259274,418,878,543,625,307,4
28.18674192,418,877,540,624,306,4
28.2071949,416,879,541,624,303,4
28.23198686,421,878,544,626,308,4
28.25627074,422,877,542,626,306,4
28.27682195,419,880,543,624,303,4
28.30152497,421,879,540,625,307,4
28.32201085,420,878,543,627,307,4
28.34656892,421,879,544,624,305,4
28.37110577,418,878,539,625,305,4
28.39164577,418,878,543,625,303,4
28.41606889,420,876,544,628,306,4
28.43664083,418,879,542,627,303,4
28.46125588,417,877,545,623,302,4
28.48188791,421,873,544,626,308,4
28.50629196,420,877,543,627,306,4
28.53086791,419,877,545,626,305,4
28.55147777,419,878,547,622,305,4
28.57581792,418,878,541,627,305,4
28.59655485,420,878,546,628,309,4
28.62097178,415,877,546,628,307,4
28.64552674,418,879,547,623,304,4
28.66598282,420,878,547,624,307,4
28.69052396,420,879,544,630,308,4
28.71124587,419,878,545,629,304,4
28.73582897,416,879,544,628,304,4
28.76004395,418,879,543,629,303,4
28.7806848,419,877,544,631,305,4
28.80507884,419,877,545,631,299,4
28.82572374,420,879,545,630,302,4
28.8501328,421,876,546,631,303,4
28.87065277,420,878,545,631,304,4
28.89530597,413,878,546,627,300,4
28.91984186,418,878,542,629,298,4
28.94123778,418,879,543,625,301,4
28.96494279,420,878,544,628,305,4
28.98553977,418,879,541,627,301,4
29.00993595,416,876,538,620,297,4
29.03456697,419,878,543,626,302,4
29.05501089,418,876,540,625,301,4
29.07965288,413,877,543,621,300,4
29.10011277,417,877,541,622,300,4
29.12447796,417,879,540,622,299,4
29.14906178,419,878,542,623,300,4
29.16963778,417,879,541,624,295,4
29.19432387,417,878,540,617,297,4
29.21482096,418,876,540,622,301,4
29.23948989,417,878,541,621,301,4
29.25973878,416,878,542,622,299,4
29.28448377,416,879,537,618,296,4
29.30880485,418,878,537,621,299,4
29.32927785,418,878,541,622,301,4
29.35404882,417,879,541,621,298,4
29.37441978,413,878,535,622,297,4
29.39890895,418,879,540,623,301,4
29.42347083,417,880,539,626,302,4
29.44416986,414,879,539,625,302,4
29.46861491,418,877,538,624,298,4
29.48917685,417,881,536,627,301,4
29.51373682,417,879,539,629,301,4
29.53822074,417,882,541,625,298,4
29.5586668,416,880,540,631,297,4
29.58327279,414,883,542,635,301,5
29.60388288,416,881,541,635,298,5
29.62844977,414,881,542,638,296,5
29.64891276,414,882,544,636,295,5
29.67343078,415,882,544,641,298,5
29.69795284,415,880,545,645,299,5
29.71859083,414,881,544,644,298,5
29.74323187,413,879,546,644,294,5
29.76339588,414,880,544,646,300,5
29.78809891,415,879,546,648,299,5
29.81260691,414,878,546,648,297,5
29.83302484,416,879,548,645,297,5
29.85757694,414,879,549,651,300,5
29.87823496,415,879,551,655,300,5
29.90262685,415,881,547,651,296,5
29.92712388,414,881,551,657,300,5
29.94819889,417,883,555,661,302,1
29.97215781,416,882,557,663,300,1
29.99270282,417,881,559,663,295,1
30.01724682,415,884,557,664,297,1
30.03794489,416,883,559,666,303,1
30.06250796,416,883,559,666,300,1
30.08689985,413,883,561,661,297,1
30.10769186,413,883,559,668,298,1
30.13209591,417,883,560,669,301,1
30.15245376,415,882,559,668,299,1
30.17714987,415,883,555,667,298,1
